INSERT INTO [CatalogBase] ([CatalogId],[Name],[DefaultLanguage],[OwnerId],[LastModified],[Created]) VALUES (N'MarketPlace',N'Market Place',N'en-US',NULL,N'20141204 16:21:41.020',N'20141204 16:21:41.020');
INSERT INTO [Catalog] ([CatalogId],[WeightMeasure]) VALUES (N'MarketPlace',1);
INSERT INTO [CatalogLanguage] ([CatalogLanguageId],[Language],[CatalogId],[LastModified],[Created],[Discriminator]) VALUES (N'c4295132-b9d0-4a1c-b011-c24829c78d8c',N'ru-RU',N'MarketPlace',N'20141204 16:21:41.020',N'20141204 16:21:41.020',N'CatalogLanguage');
INSERT INTO [CatalogLanguage] ([CatalogLanguageId],[Language],[CatalogId],[LastModified],[Created],[Discriminator]) VALUES (N'f1a43d24-e44c-4206-8fe9-424e3e07b4eb',N'en-US',N'MarketPlace',N'20141204 16:21:41.020',N'20141204 16:21:41.020',N'CatalogLanguage');

INSERT INTO [CategoryBase] ([CategoryId],[Code],[IsActive],[Priority],[CatalogId],[ParentCategoryId],[LastModified],[Created]) VALUES (N'0e638b07-eb64-4d65-afbb-229bf0be63ac',N'Utilities',1,0,N'MarketPlace',NULL,N'20141204 16:26:14.093',N'20141204 16:26:14.093');
INSERT INTO [CategoryBase] ([CategoryId],[Code],[IsActive],[Priority],[CatalogId],[ParentCategoryId],[LastModified],[Created]) VALUES (N'17d13af4-f6cb-4c41-a6f0-fc14213251e8',N'Marketing',0,0,N'MarketPlace',NULL,N'20141204 16:24:58.097',N'20141204 16:24:58.097');
INSERT INTO [CategoryBase] ([CategoryId],[Code],[IsActive],[Priority],[CatalogId],[ParentCategoryId],[LastModified],[Created]) VALUES (N'37ee2ed4-5579-40bd-a064-cc08ba40dc35',N'Site-Management',1,0,N'MarketPlace',NULL,N'20141204 16:24:16.840',N'20141204 16:24:16.840');
INSERT INTO [CategoryBase] ([CategoryId],[Code],[IsActive],[Priority],[CatalogId],[ParentCategoryId],[LastModified],[Created]) VALUES (N'c5058f5d-3935-4661-876a-ad9030304280',N'Integration',1,0,N'MarketPlace',NULL,N'20141204 16:24:34.410',N'20141204 16:24:34.410');
INSERT INTO [CategoryBase] ([CategoryId],[Code],[IsActive],[Priority],[CatalogId],[ParentCategoryId],[LastModified],[Created]) VALUES (N'd308888d-dba1-403f-a8ba-fdb77639b6fd',N'Customer-Experience',1,0,N'MarketPlace',NULL,N'20141204 16:23:57.250',N'20141204 16:23:57.250');
INSERT INTO [CategoryBase] ([CategoryId],[Code],[IsActive],[Priority],[CatalogId],[ParentCategoryId],[LastModified],[Created]) VALUES (N'f6e9ff73-4628-4bb9-959a-8116ba0bc20a',N'Themes',1,0,N'MarketPlace',NULL,N'20141204 16:25:49.630',N'20141204 16:25:49.630');

INSERT INTO [PropertySet] ([PropertySetId],[Name],[TargetType],[CatalogId],[LastModified],[Created],[Discriminator]) VALUES (N'0012d1ea-2951-4a68-803a-8fdb4cd0c0e5',N'MP property set',N'All',N'MarketPlace',N'20141210 14:52:17.143',N'20141210 14:52:17.143',N'PropertySet');

INSERT INTO [Property] ([PropertyId],[Name],[IsKey],[IsSale],[IsEnum],[IsInput],[IsRequired],[IsMultiValue],[IsLocaleDependant],[AllowAlias],[PropertyValueType],[ParentPropertyId],[CatalogId],[LastModified],[Created],[Discriminator],[TargetType]) VALUES (N'0a709983-99a7-4a39-8a1e-90e57ab1e57e',N'ReleaseDate',0,0,0,0,0,0,0,0,0,NULL,N'MarketPlace',N'20141211 12:12:08.483',N'20141211 12:12:08.483',N'Property',N'Variation');
INSERT INTO [Property] ([PropertyId],[Name],[IsKey],[IsSale],[IsEnum],[IsInput],[IsRequired],[IsMultiValue],[IsLocaleDependant],[AllowAlias],[PropertyValueType],[ParentPropertyId],[CatalogId],[LastModified],[Created],[Discriminator],[TargetType]) VALUES (N'13961382-86a4-4eb6-b536-f8cf56d9581a',N'License',0,0,0,0,0,0,0,0,1,NULL,N'MarketPlace',N'20141211 12:16:38.290',N'20141211 12:09:12.373',N'Property',N'Product');
INSERT INTO [Property] ([PropertyId],[Name],[IsKey],[IsSale],[IsEnum],[IsInput],[IsRequired],[IsMultiValue],[IsLocaleDependant],[AllowAlias],[PropertyValueType],[ParentPropertyId],[CatalogId],[LastModified],[Created],[Discriminator],[TargetType]) VALUES (N'14873a40-ac5c-4f5d-a41e-739d589bc96e',N'Price',0,0,0,0,0,0,0,0,3,NULL,N'MarketPlace',N'20141210 14:52:17.143',N'20141210 14:52:17.143',N'Property',N'Product');
INSERT INTO [Property] ([PropertyId],[Name],[IsKey],[IsSale],[IsEnum],[IsInput],[IsRequired],[IsMultiValue],[IsLocaleDependant],[AllowAlias],[PropertyValueType],[ParentPropertyId],[CatalogId],[LastModified],[Created],[Discriminator],[TargetType]) VALUES (N'2a0de359-1bdc-4bda-9089-b45d2ff39dee',N'Locale',0,0,0,0,0,1,0,0,0,NULL,N'MarketPlace',N'20141210 15:10:32.910',N'20141210 15:10:32.910',N'Property',N'Product');
INSERT INTO [Property] ([PropertyId],[Name],[IsKey],[IsSale],[IsEnum],[IsInput],[IsRequired],[IsMultiValue],[IsLocaleDependant],[AllowAlias],[PropertyValueType],[ParentPropertyId],[CatalogId],[LastModified],[Created],[Discriminator],[TargetType]) VALUES (N'3192b971-1cc0-4657-905d-5366fba53bdc',N'Compatibility',0,0,1,0,0,1,0,0,0,NULL,N'MarketPlace',N'20141211 12:11:27.823',N'20141211 12:11:27.823',N'Property',N'Variation');
INSERT INTO [Property] ([PropertyId],[Name],[IsKey],[IsSale],[IsEnum],[IsInput],[IsRequired],[IsMultiValue],[IsLocaleDependant],[AllowAlias],[PropertyValueType],[ParentPropertyId],[CatalogId],[LastModified],[Created],[Discriminator],[TargetType]) VALUES (N'3db887c2-d7bf-473a-b9a7-4e9b65dd6b37',N'IsFree',0,0,0,0,0,0,0,0,0,NULL,N'MarketPlace',N'20141210 15:09:36.927',N'20141210 15:09:36.927',N'Property',N'Product');
INSERT INTO [Property] ([PropertyId],[Name],[IsKey],[IsSale],[IsEnum],[IsInput],[IsRequired],[IsMultiValue],[IsLocaleDependant],[AllowAlias],[PropertyValueType],[ParentPropertyId],[CatalogId],[LastModified],[Created],[Discriminator],[TargetType]) VALUES (N'4e3900b4-1bf2-490d-830c-fceed03be284',N'ReleaseVersion',0,0,0,0,0,0,0,0,0,NULL,N'MarketPlace',N'20141211 12:15:31.630',N'20141211 12:15:31.630',N'Property',N'Variation');
INSERT INTO [Property] ([PropertyId],[Name],[IsKey],[IsSale],[IsEnum],[IsInput],[IsRequired],[IsMultiValue],[IsLocaleDependant],[AllowAlias],[PropertyValueType],[ParentPropertyId],[CatalogId],[LastModified],[Created],[Discriminator],[TargetType]) VALUES (N'587e3a50-67aa-409d-8fb0-15c9846cdbf2',N'ReleaseStatus',0,0,1,0,0,0,0,0,0,NULL,N'MarketPlace',N'20141211 12:21:01.713',N'20141211 12:12:38.837',N'Property',N'Variation');
INSERT INTO [Property] ([PropertyId],[Name],[IsKey],[IsSale],[IsEnum],[IsInput],[IsRequired],[IsMultiValue],[IsLocaleDependant],[AllowAlias],[PropertyValueType],[ParentPropertyId],[CatalogId],[LastModified],[Created],[Discriminator],[TargetType]) VALUES (N'83d6e0f8-d202-48df-b1f3-9ebea56c7341',N'Currency',0,0,1,0,0,0,0,0,0,NULL,N'MarketPlace',N'20141210 15:21:54.307',N'20141210 15:09:54.147',N'Property',N'Product');
INSERT INTO [Property] ([PropertyId],[Name],[IsKey],[IsSale],[IsEnum],[IsInput],[IsRequired],[IsMultiValue],[IsLocaleDependant],[AllowAlias],[PropertyValueType],[ParentPropertyId],[CatalogId],[LastModified],[Created],[Discriminator],[TargetType]) VALUES (N'ab2e1ede-53a1-47e9-b52b-3d1bf896a2d5',N'DowloadLink',0,0,0,0,0,0,0,0,0,NULL,N'MarketPlace',N'20141211 12:14:45.420',N'20141211 12:14:45.420',N'Property',N'Variation');
INSERT INTO [Property] ([PropertyId],[Name],[IsKey],[IsSale],[IsEnum],[IsInput],[IsRequired],[IsMultiValue],[IsLocaleDependant],[AllowAlias],[PropertyValueType],[ParentPropertyId],[CatalogId],[LastModified],[Created],[Discriminator],[TargetType]) VALUES (N'efa84cfe-6ecb-4ccf-9dd3-398e25c96090',N'ReleaseNote',0,0,0,0,0,0,0,0,1,NULL,N'MarketPlace',N'20141211 12:19:28.663',N'20141211 12:15:04.230',N'Property',N'Variation');
INSERT INTO [Property] ([PropertyId],[Name],[IsKey],[IsSale],[IsEnum],[IsInput],[IsRequired],[IsMultiValue],[IsLocaleDependant],[AllowAlias],[PropertyValueType],[ParentPropertyId],[CatalogId],[LastModified],[Created],[Discriminator],[TargetType]) VALUES (N'f8c361f6-7e0c-4b6c-9c7c-6b3dbe2f13c2',N'UserId',0,0,0,0,0,0,0,0,0,NULL,N'MarketPlace',N'20141211 12:08:21.647',N'20141211 12:08:21.647',N'Property',N'Product');

INSERT INTO [PropertySetProperty] ([PropertySetPropertyId],[Priority],[PropertyId],[PropertySetId],[LastModified],[Created],[Discriminator]) VALUES (N'0b958a20-7a6f-4da4-82bf-442835c08029',0,N'14873a40-ac5c-4f5d-a41e-739d589bc96e',N'0012d1ea-2951-4a68-803a-8fdb4cd0c0e5',N'20141210 14:52:17.143',N'20141210 14:52:17.143',N'PropertySetProperty');
INSERT INTO [PropertySetProperty] ([PropertySetPropertyId],[Priority],[PropertyId],[PropertySetId],[LastModified],[Created],[Discriminator]) VALUES (N'2922574e-dc4f-47e1-a391-db7b4d34a619',0,N'2a0de359-1bdc-4bda-9089-b45d2ff39dee',N'0012d1ea-2951-4a68-803a-8fdb4cd0c0e5',N'20141210 15:10:32.910',N'20141210 15:10:32.910',N'PropertySetProperty');
INSERT INTO [PropertySetProperty] ([PropertySetPropertyId],[Priority],[PropertyId],[PropertySetId],[LastModified],[Created],[Discriminator]) VALUES (N'43b312ae-1ec6-4223-8620-136959d24603',0,N'f8c361f6-7e0c-4b6c-9c7c-6b3dbe2f13c2',N'0012d1ea-2951-4a68-803a-8fdb4cd0c0e5',N'20141211 12:08:21.647',N'20141211 12:08:21.647',N'PropertySetProperty');
INSERT INTO [PropertySetProperty] ([PropertySetPropertyId],[Priority],[PropertyId],[PropertySetId],[LastModified],[Created],[Discriminator]) VALUES (N'56529d6e-67a4-4fa6-9c33-9d181c9f2ab6',0,N'83d6e0f8-d202-48df-b1f3-9ebea56c7341',N'0012d1ea-2951-4a68-803a-8fdb4cd0c0e5',N'20141210 15:09:54.147',N'20141210 15:09:54.147',N'PropertySetProperty');
INSERT INTO [PropertySetProperty] ([PropertySetPropertyId],[Priority],[PropertyId],[PropertySetId],[LastModified],[Created],[Discriminator]) VALUES (N'73ef102a-b702-4a73-8b96-038b5f1ce8ce',0,N'0a709983-99a7-4a39-8a1e-90e57ab1e57e',N'0012d1ea-2951-4a68-803a-8fdb4cd0c0e5',N'20141211 12:12:08.483',N'20141211 12:12:08.483',N'PropertySetProperty');
INSERT INTO [PropertySetProperty] ([PropertySetPropertyId],[Priority],[PropertyId],[PropertySetId],[LastModified],[Created],[Discriminator]) VALUES (N'aea29d6e-9958-4869-b12c-0505448fd318',0,N'3192b971-1cc0-4657-905d-5366fba53bdc',N'0012d1ea-2951-4a68-803a-8fdb4cd0c0e5',N'20141211 12:11:27.823',N'20141211 12:11:27.823',N'PropertySetProperty');
INSERT INTO [PropertySetProperty] ([PropertySetPropertyId],[Priority],[PropertyId],[PropertySetId],[LastModified],[Created],[Discriminator]) VALUES (N'c1d93875-bc9b-492a-b578-be01c6c5e091',0,N'13961382-86a4-4eb6-b536-f8cf56d9581a',N'0012d1ea-2951-4a68-803a-8fdb4cd0c0e5',N'20141211 12:09:12.373',N'20141211 12:09:12.373',N'PropertySetProperty');
INSERT INTO [PropertySetProperty] ([PropertySetPropertyId],[Priority],[PropertyId],[PropertySetId],[LastModified],[Created],[Discriminator]) VALUES (N'c315e6f0-ede0-4d05-8403-2af7631670e3',0,N'587e3a50-67aa-409d-8fb0-15c9846cdbf2',N'0012d1ea-2951-4a68-803a-8fdb4cd0c0e5',N'20141211 12:12:38.837',N'20141211 12:12:38.837',N'PropertySetProperty');
INSERT INTO [PropertySetProperty] ([PropertySetPropertyId],[Priority],[PropertyId],[PropertySetId],[LastModified],[Created],[Discriminator]) VALUES (N'c70489e8-f57d-47a1-8cda-d15d0660f75f',0,N'ab2e1ede-53a1-47e9-b52b-3d1bf896a2d5',N'0012d1ea-2951-4a68-803a-8fdb4cd0c0e5',N'20141211 12:14:45.420',N'20141211 12:14:45.420',N'PropertySetProperty');
INSERT INTO [PropertySetProperty] ([PropertySetPropertyId],[Priority],[PropertyId],[PropertySetId],[LastModified],[Created],[Discriminator]) VALUES (N'd8335d72-1e14-4346-8d6f-d475cd3d0bbf',0,N'4e3900b4-1bf2-490d-830c-fceed03be284',N'0012d1ea-2951-4a68-803a-8fdb4cd0c0e5',N'20141211 12:15:31.630',N'20141211 12:15:31.630',N'PropertySetProperty');
INSERT INTO [PropertySetProperty] ([PropertySetPropertyId],[Priority],[PropertyId],[PropertySetId],[LastModified],[Created],[Discriminator]) VALUES (N'e4c841a3-b60b-4a51-a9ae-df9820efa544',0,N'efa84cfe-6ecb-4ccf-9dd3-398e25c96090',N'0012d1ea-2951-4a68-803a-8fdb4cd0c0e5',N'20141211 12:15:04.230',N'20141211 12:15:04.230',N'PropertySetProperty');
INSERT INTO [PropertySetProperty] ([PropertySetPropertyId],[Priority],[PropertyId],[PropertySetId],[LastModified],[Created],[Discriminator]) VALUES (N'f08a0730-3f88-4a2d-aeb7-d7c2bffc9079',0,N'3db887c2-d7bf-473a-b9a7-4e9b65dd6b37',N'0012d1ea-2951-4a68-803a-8fdb4cd0c0e5',N'20141210 15:09:36.927',N'20141210 15:09:36.927',N'PropertySetProperty');

INSERT INTO [Category] ([CategoryId],[Name],[StartDate],[EndDate],[PropertySetId]) VALUES (N'0e638b07-eb64-4d65-afbb-229bf0be63ac',N'Utilities',N'20141204',NULL,N'0012d1ea-2951-4a68-803a-8fdb4cd0c0e5');
INSERT INTO [Category] ([CategoryId],[Name],[StartDate],[EndDate],[PropertySetId]) VALUES (N'17d13af4-f6cb-4c41-a6f0-fc14213251e8',N'Marketing',N'20141204',NULL,N'0012d1ea-2951-4a68-803a-8fdb4cd0c0e5');
INSERT INTO [Category] ([CategoryId],[Name],[StartDate],[EndDate],[PropertySetId]) VALUES (N'37ee2ed4-5579-40bd-a064-cc08ba40dc35',N'Site Management',N'20141204',NULL,N'0012d1ea-2951-4a68-803a-8fdb4cd0c0e5');
INSERT INTO [Category] ([CategoryId],[Name],[StartDate],[EndDate],[PropertySetId]) VALUES (N'c5058f5d-3935-4661-876a-ad9030304280',N'Integration',N'20141204',NULL,N'0012d1ea-2951-4a68-803a-8fdb4cd0c0e5');
INSERT INTO [Category] ([CategoryId],[Name],[StartDate],[EndDate],[PropertySetId]) VALUES (N'd308888d-dba1-403f-a8ba-fdb77639b6fd',N'Customer Experience',N'20141204',NULL,N'0012d1ea-2951-4a68-803a-8fdb4cd0c0e5');
INSERT INTO [Category] ([CategoryId],[Name],[StartDate],[EndDate],[PropertySetId]) VALUES (N'f6e9ff73-4628-4bb9-959a-8116ba0bc20a',N'Themes',N'20141204',NULL,N'0012d1ea-2951-4a68-803a-8fdb4cd0c0e5');

INSERT INTO [Item] ([ItemId],[Name],[StartDate],[EndDate],[IsActive],[IsBuyable],[AvailabilityRule],[MinQuantity],[MaxQuantity],[TrackInventory],[Weight],[PackageType],[TaxCategory],[Code],[PropertySetId],[CatalogId],[LastModified],[Created],[Discriminator]) VALUES (N'53a8ff44-1d8d-4108-ac1e-c3785205251d',N'Free extension to create variations',N'20141210 15:30:37.727',NULL,1,1,0,1.00,0.00,0,0.00,NULL,NULL,N'2',NULL,N'MarketPlace',N'20141211 14:01:37.587',N'20141210 15:30:37.733',N'Product');
INSERT INTO [Item] ([ItemId],[Name],[StartDate],[EndDate],[IsActive],[IsBuyable],[AvailabilityRule],[MinQuantity],[MaxQuantity],[TrackInventory],[Weight],[PackageType],[TaxCategory],[Code],[PropertySetId],[CatalogId],[LastModified],[Created],[Discriminator]) VALUES (N'7b9899c3-b122-46f5-9145-ad2cbc9df4e1',N'Free extension that does nothing',N'20141211 12:21:16.590',NULL,1,1,0,1.00,0.00,0,0.00,NULL,NULL,N'rel11',NULL,N'MarketPlace',N'20141211 12:21:16.620',N'20141211 12:21:16.620',N'Product');
INSERT INTO [Item] ([ItemId],[Name],[StartDate],[EndDate],[IsActive],[IsBuyable],[AvailabilityRule],[MinQuantity],[MaxQuantity],[TrackInventory],[Weight],[PackageType],[TaxCategory],[Code],[PropertySetId],[CatalogId],[LastModified],[Created],[Discriminator]) VALUES (N'dd25cf01-9767-45f0-877f-15e36518222f',N'Very nice extension',N'20141210 15:23:34.090',NULL,1,1,0,1.00,0.00,0,0.00,NULL,NULL,N'CollExt',NULL,N'MarketPlace',N'20141210 15:23:34.103',N'20141210 15:23:34.103',N'Product');

INSERT INTO [CategoryItemRelation] ([CategoryItemRelationId],[Priority],[ItemId],[CategoryId],[CatalogId],[LastModified],[Created],[Discriminator]) VALUES (N'4122e9d9-6753-44c3-b892-42f62e9d1bd9',0,N'dd25cf01-9767-45f0-877f-15e36518222f',N'd308888d-dba1-403f-a8ba-fdb77639b6fd',N'MarketPlace',N'20141210 15:23:34.103',N'20141210 15:23:34.103',N'CategoryItemRelation');
INSERT INTO [CategoryItemRelation] ([CategoryItemRelationId],[Priority],[ItemId],[CategoryId],[CatalogId],[LastModified],[Created],[Discriminator]) VALUES (N'9e19b684-e6d9-420b-8e39-b61157d13d97',0,N'7b9899c3-b122-46f5-9145-ad2cbc9df4e1',N'd308888d-dba1-403f-a8ba-fdb77639b6fd',N'MarketPlace',N'20141211 12:21:16.620',N'20141211 12:21:16.620',N'CategoryItemRelation');
INSERT INTO [CategoryItemRelation] ([CategoryItemRelationId],[Priority],[ItemId],[CategoryId],[CatalogId],[LastModified],[Created],[Discriminator]) VALUES (N'a4f767ee-8488-43b9-b623-191c479b0b91',0,N'53a8ff44-1d8d-4108-ac1e-c3785205251d',N'd308888d-dba1-403f-a8ba-fdb77639b6fd',N'MarketPlace',N'20141210 15:30:37.733',N'20141210 15:30:37.733',N'CategoryItemRelation');

INSERT INTO [ItemRelation] ([ItemRelationId],[RelationTypeId],[Quantity],[GroupName],[Priority],[ChildItemId],[ParentItemId],[LastModified],[Created],[Discriminator]) VALUES (N'c0fa54d0-468a-4864-903e-6f4da1298044',N'sku',1.00,N'variation',0,N'7b9899c3-b122-46f5-9145-ad2cbc9df4e1',N'53a8ff44-1d8d-4108-ac1e-c3785205251d',N'20141211 12:21:16.620',N'20141211 12:21:16.620',N'ItemRelation');

INSERT INTO [ItemAsset] ([ItemAssetId],[AssetId],[AssetType],[GroupName],[SortOrder],[ItemId],[LastModified],[Created],[Discriminator]) VALUES (N'6c3f8ec0-a239-4f01-98cf-c1fde78526d8',N'Content/Uploads/ava.png',N'image',N'primaryimage',0,N'dd25cf01-9767-45f0-877f-15e36518222f',N'20141210 15:28:56.967',N'20141210 15:28:56.967',N'ItemAsset');
INSERT INTO [ItemAsset] ([ItemAssetId],[AssetId],[AssetType],[GroupName],[SortOrder],[ItemId],[LastModified],[Created],[Discriminator]) VALUES (N'78d312ea-ec8d-4f26-9c0a-31355e9c432b',N'Content/Uploads/ava_1.png',N'image',N'images',1,N'dd25cf01-9767-45f0-877f-15e36518222f',N'20141210 15:28:56.967',N'20141210 15:28:56.967',N'ItemAsset');
INSERT INTO [ItemAsset] ([ItemAssetId],[AssetId],[AssetType],[GroupName],[SortOrder],[ItemId],[LastModified],[Created],[Discriminator]) VALUES (N'c5f14016-fa67-4941-9e09-3d63f401f442',N'Content/Uploads/p.jpg',N'image',N'primaryimage',0,N'53a8ff44-1d8d-4108-ac1e-c3785205251d',N'20141211 14:01:37.587',N'20141211 14:01:37.587',N'ItemAsset');

INSERT INTO [ItemPropertyValue] ([PropertyValueId],[ItemId],[Alias],[Name],[KeyValue],[ValueType],[ShortTextValue],[LongTextValue],[DecimalValue],[IntegerValue],[BooleanValue],[DateTimeValue],[Locale],[LastModified],[Created]) VALUES (N'026e2b14-675f-467a-9b84-1e0104e528cd',N'7b9899c3-b122-46f5-9145-ad2cbc9df4e1',NULL,N'ReleaseVersion',NULL,0,N'1.2',NULL,0.00,0,0,NULL,NULL,N'20141211 12:21:16.620',N'20141211 12:21:16.620');
INSERT INTO [ItemPropertyValue] ([PropertyValueId],[ItemId],[Alias],[Name],[KeyValue],[ValueType],[ShortTextValue],[LongTextValue],[DecimalValue],[IntegerValue],[BooleanValue],[DateTimeValue],[Locale],[LastModified],[Created]) VALUES (N'0e0448e3-3af2-4307-8e02-ac1f95a8c83a',N'7b9899c3-b122-46f5-9145-ad2cbc9df4e1',NULL,N'IsFree',NULL,0,N'True',NULL,0.00,0,0,NULL,NULL,N'20141211 12:21:16.620',N'20141211 12:21:16.620');
INSERT INTO [ItemPropertyValue] ([PropertyValueId],[ItemId],[Alias],[Name],[KeyValue],[ValueType],[ShortTextValue],[LongTextValue],[DecimalValue],[IntegerValue],[BooleanValue],[DateTimeValue],[Locale],[LastModified],[Created]) VALUES (N'277cde9f-4368-4609-abcd-bad910f0302c',N'53a8ff44-1d8d-4108-ac1e-c3785205251d',NULL,N'IsFree',NULL,0,N'True',NULL,0.00,0,0,NULL,NULL,N'20141211 14:01:37.587',N'20141211 14:01:37.587');
INSERT INTO [ItemPropertyValue] ([PropertyValueId],[ItemId],[Alias],[Name],[KeyValue],[ValueType],[ShortTextValue],[LongTextValue],[DecimalValue],[IntegerValue],[BooleanValue],[DateTimeValue],[Locale],[LastModified],[Created]) VALUES (N'283a23f0-67ec-44e5-91a4-fd81d80eee9d',N'7b9899c3-b122-46f5-9145-ad2cbc9df4e1',NULL,N'ReleaseDate',NULL,0,N'2014.05.06',NULL,0.00,0,0,NULL,NULL,N'20141211 12:21:16.620',N'20141211 12:21:16.620');
INSERT INTO [ItemPropertyValue] ([PropertyValueId],[ItemId],[Alias],[Name],[KeyValue],[ValueType],[ShortTextValue],[LongTextValue],[DecimalValue],[IntegerValue],[BooleanValue],[DateTimeValue],[Locale],[LastModified],[Created]) VALUES (N'2a2dd8cf-98d4-48c1-92ac-bdcd67ced026',N'7b9899c3-b122-46f5-9145-ad2cbc9df4e1',NULL,N'Locale',NULL,0,N'English',NULL,0.00,0,0,NULL,NULL,N'20141211 12:21:16.620',N'20141211 12:21:16.620');
INSERT INTO [ItemPropertyValue] ([PropertyValueId],[ItemId],[Alias],[Name],[KeyValue],[ValueType],[ShortTextValue],[LongTextValue],[DecimalValue],[IntegerValue],[BooleanValue],[DateTimeValue],[Locale],[LastModified],[Created]) VALUES (N'2b51ffaa-fd01-42e2-9960-c3b07f37e587',N'dd25cf01-9767-45f0-877f-15e36518222f',NULL,N'Price',NULL,3,NULL,NULL,5.00,0,0,NULL,NULL,N'20141210 15:28:56.967',N'20141210 15:28:56.967');
INSERT INTO [ItemPropertyValue] ([PropertyValueId],[ItemId],[Alias],[Name],[KeyValue],[ValueType],[ShortTextValue],[LongTextValue],[DecimalValue],[IntegerValue],[BooleanValue],[DateTimeValue],[Locale],[LastModified],[Created]) VALUES (N'403449ef-3076-4de6-bb19-453229d5ec2f',N'7b9899c3-b122-46f5-9145-ad2cbc9df4e1',NULL,N'ReleaseNote',NULL,1,NULL,N'Super cool first release!!',0.00,0,0,NULL,NULL,N'20141211 12:21:16.620',N'20141211 12:21:16.620');
INSERT INTO [ItemPropertyValue] ([PropertyValueId],[ItemId],[Alias],[Name],[KeyValue],[ValueType],[ShortTextValue],[LongTextValue],[DecimalValue],[IntegerValue],[BooleanValue],[DateTimeValue],[Locale],[LastModified],[Created]) VALUES (N'51801c1e-5057-4361-8011-60d6103a7c10',N'7b9899c3-b122-46f5-9145-ad2cbc9df4e1',NULL,N'Compatibility',N'1f20c5b6-7f4c-4193-be6a-51423e95316f',0,N'1.12',NULL,0.00,0,0,NULL,N'en-us',N'20141211 12:21:16.620',N'20141211 12:21:16.620');
INSERT INTO [ItemPropertyValue] ([PropertyValueId],[ItemId],[Alias],[Name],[KeyValue],[ValueType],[ShortTextValue],[LongTextValue],[DecimalValue],[IntegerValue],[BooleanValue],[DateTimeValue],[Locale],[LastModified],[Created]) VALUES (N'5f9f480b-3f28-4589-8ce0-2654ce337224',N'53a8ff44-1d8d-4108-ac1e-c3785205251d',NULL,N'UserId',NULL,0,N'1',NULL,0.00,0,0,NULL,NULL,N'20141211 14:01:37.587',N'20141211 14:01:37.587');
INSERT INTO [ItemPropertyValue] ([PropertyValueId],[ItemId],[Alias],[Name],[KeyValue],[ValueType],[ShortTextValue],[LongTextValue],[DecimalValue],[IntegerValue],[BooleanValue],[DateTimeValue],[Locale],[LastModified],[Created]) VALUES (N'6f73c54b-d43a-4368-83dd-c2d32a8b0944',N'7b9899c3-b122-46f5-9145-ad2cbc9df4e1',NULL,N'ReleaseStatus',N'8b7875e0-2e8b-41cc-b10c-c65b8b890760',0,N'Draft',NULL,0.00,0,0,NULL,N'en-us',N'20141211 12:21:16.620',N'20141211 12:21:16.620');
INSERT INTO [ItemPropertyValue] ([PropertyValueId],[ItemId],[Alias],[Name],[KeyValue],[ValueType],[ShortTextValue],[LongTextValue],[DecimalValue],[IntegerValue],[BooleanValue],[DateTimeValue],[Locale],[LastModified],[Created]) VALUES (N'81d67211-f582-49a9-b3af-77f76be9041c',N'7b9899c3-b122-46f5-9145-ad2cbc9df4e1',NULL,N'UserId',NULL,0,N'1',NULL,0.00,0,0,NULL,NULL,N'20141211 12:21:16.620',N'20141211 12:21:16.620');
INSERT INTO [ItemPropertyValue] ([PropertyValueId],[ItemId],[Alias],[Name],[KeyValue],[ValueType],[ShortTextValue],[LongTextValue],[DecimalValue],[IntegerValue],[BooleanValue],[DateTimeValue],[Locale],[LastModified],[Created]) VALUES (N'86004ed1-4967-48d6-855d-7b710e728829',N'7b9899c3-b122-46f5-9145-ad2cbc9df4e1',NULL,N'Compatibility',N'102e4937-07c1-4bec-ac7c-d1ca2548e765',0,N'1.3',NULL,0.00,0,0,NULL,N'en-us',N'20141211 12:21:16.620',N'20141211 12:21:16.620');
INSERT INTO [ItemPropertyValue] ([PropertyValueId],[ItemId],[Alias],[Name],[KeyValue],[ValueType],[ShortTextValue],[LongTextValue],[DecimalValue],[IntegerValue],[BooleanValue],[DateTimeValue],[Locale],[LastModified],[Created]) VALUES (N'8ecee7be-6871-4712-8e71-209dd43b539f',N'7b9899c3-b122-46f5-9145-ad2cbc9df4e1',NULL,N'Locale',NULL,0,N'Spanish',NULL,0.00,0,0,NULL,NULL,N'20141211 12:21:16.620',N'20141211 12:21:16.620');
INSERT INTO [ItemPropertyValue] ([PropertyValueId],[ItemId],[Alias],[Name],[KeyValue],[ValueType],[ShortTextValue],[LongTextValue],[DecimalValue],[IntegerValue],[BooleanValue],[DateTimeValue],[Locale],[LastModified],[Created]) VALUES (N'8f64aaf5-4067-45ae-ac0f-53d9bfdafd7c',N'53a8ff44-1d8d-4108-ac1e-c3785205251d',NULL,N'Locale',NULL,0,N'Spanish',NULL,0.00,0,0,NULL,NULL,N'20141211 14:01:37.587',N'20141211 14:01:37.587');
INSERT INTO [ItemPropertyValue] ([PropertyValueId],[ItemId],[Alias],[Name],[KeyValue],[ValueType],[ShortTextValue],[LongTextValue],[DecimalValue],[IntegerValue],[BooleanValue],[DateTimeValue],[Locale],[LastModified],[Created]) VALUES (N'900474a4-ad74-4b8b-a20a-29020df81a42',N'53a8ff44-1d8d-4108-ac1e-c3785205251d',NULL,N'License',NULL,1,NULL,N'The GNU General Public License is a free, copyleft license for software and other kinds of works.

The licenses for most software and other practical works are designed to take away your freedom to share and change the works. By contrast, the GNU General Public License is intended to guarantee your freedom to share and change all versions of a program--to make sure it remains free software for all its users. We, the Free Software Foundation, use the GNU General Public License for most of our software; it applies also to any other work released this way by its authors. You can apply it to your programs, too.

When we speak of free software, we are referring to freedom, not price. Our General Public Licenses are designed to make sure that you have the freedom to distribute copies of free software (and charge for them if you wish), that you receive source code or can get it if you want it, that you can change the software or use pieces of it in new free programs, and that you know you can do these things.

To protect your rights, we need to prevent others from denying you these rights or asking you to surrender the rights. Therefore, you have certain responsibilities if you distribute copies of the software, or if you modify it: responsibilities to respect the freedom of others.

For example, if you distribute copies of such a program, whether gratis or for a fee, you must pass on to the recipients the same freedoms that you received. You must make sure that they, too, receive or can get the source code. And you must show them these terms so they know their rights.

Developers that use the GNU GPL protect your rights with two steps: (1) assert copyright on the software, and (2) offer you this License giving you legal permission to copy, distribute and/or modify it.

For the developers'' and authors'' protection, the GPL clearly explains that there is no warranty for this free software. For both users'' and authors'' sake, the GPL requires that modified versions be marked as changed, so that their problems will not be attributed erroneously to authors of previous versions.

Some devices are designed to deny users access to install or run modified versions of the software inside them, although the manufacturer can do so. This is fundamentally incompatible with the aim of protecting users'' freedom to change the software. The systematic pattern of such abuse occurs in the area of products for individuals to use, which is precisely where it is most unacceptable. Therefore, we have designed this version of the GPL to prohibit the practice for those products. If such problems arise substantially in other domains, we stand ready to extend this provision to those domains in future versions of the GPL, as needed to protect the freedom of users.

Finally, every program is threatened constantly by software patents. States should not allow patents to restrict development and use of software on general-purpose computers, but in those that do, we wish to avoid the special danger that patents applied to a free program could make it effectively proprietary. To prevent this, the GPL assures that patents cannot be used to render the program non-free.

The precise terms and conditions for copying, distribution and modification follow.df',0.00,0,0,NULL,NULL,N'20141211 14:01:37.587',N'20141211 14:01:37.587');
INSERT INTO [ItemPropertyValue] ([PropertyValueId],[ItemId],[Alias],[Name],[KeyValue],[ValueType],[ShortTextValue],[LongTextValue],[DecimalValue],[IntegerValue],[BooleanValue],[DateTimeValue],[Locale],[LastModified],[Created]) VALUES (N'9e17bc1c-ba6a-43d7-8449-9bcb93ed1834',N'7b9899c3-b122-46f5-9145-ad2cbc9df4e1',NULL,N'DowloadLink',NULL,0,N'http://sourceforge.net/projects/sevenzip/files/7-Zip/9.35/7z935-extra.7z/download',NULL,0.00,0,0,NULL,NULL,N'20141211 12:21:16.620',N'20141211 12:21:16.620');
INSERT INTO [ItemPropertyValue] ([PropertyValueId],[ItemId],[Alias],[Name],[KeyValue],[ValueType],[ShortTextValue],[LongTextValue],[DecimalValue],[IntegerValue],[BooleanValue],[DateTimeValue],[Locale],[LastModified],[Created]) VALUES (N'a1e0cff8-47db-47a0-bd31-8418605a410e',N'7b9899c3-b122-46f5-9145-ad2cbc9df4e1',NULL,N'Compatibility',N'393a6ff0-dc1b-427f-aa32-97f0e069ce9d',0,N'1.0',NULL,0.00,0,0,NULL,N'en-us',N'20141211 12:21:16.620',N'20141211 12:21:16.620');
INSERT INTO [ItemPropertyValue] ([PropertyValueId],[ItemId],[Alias],[Name],[KeyValue],[ValueType],[ShortTextValue],[LongTextValue],[DecimalValue],[IntegerValue],[BooleanValue],[DateTimeValue],[Locale],[LastModified],[Created]) VALUES (N'a653dc13-40f2-4738-ac6e-a9c0a48a13a8',N'7b9899c3-b122-46f5-9145-ad2cbc9df4e1',NULL,N'Currency',N'412453bb-82ce-4e3c-a24d-c99e93dcc114',0,N'USD',NULL,0.00,0,0,NULL,N'en-us',N'20141211 12:21:16.620',N'20141211 12:21:16.620');
INSERT INTO [ItemPropertyValue] ([PropertyValueId],[ItemId],[Alias],[Name],[KeyValue],[ValueType],[ShortTextValue],[LongTextValue],[DecimalValue],[IntegerValue],[BooleanValue],[DateTimeValue],[Locale],[LastModified],[Created]) VALUES (N'b275cefe-3a84-4477-a089-fae6efe08c16',N'53a8ff44-1d8d-4108-ac1e-c3785205251d',NULL,N'Currency',N'412453bb-82ce-4e3c-a24d-c99e93dcc114',0,N'USD',NULL,0.00,0,0,NULL,N'en-us',N'20141211 14:01:37.587',N'20141211 14:01:37.587');
INSERT INTO [ItemPropertyValue] ([PropertyValueId],[ItemId],[Alias],[Name],[KeyValue],[ValueType],[ShortTextValue],[LongTextValue],[DecimalValue],[IntegerValue],[BooleanValue],[DateTimeValue],[Locale],[LastModified],[Created]) VALUES (N'bf1b88f6-b643-4230-9fa6-668052f54c8b',N'7b9899c3-b122-46f5-9145-ad2cbc9df4e1',NULL,N'License',NULL,1,NULL,N'The GNU General Public License is a free, copyleft license for software and other kinds of works.

The licenses for most software and other practical works are designed to take away your freedom to share and change the works. By contrast, the GNU General Public License is intended to guarantee your freedom to share and change all versions of a program--to make sure it remains free software for all its users. We, the Free Software Foundation, use the GNU General Public License for most of our software; it applies also to any other work released this way by its authors. You can apply it to your programs, too.

When we speak of free software, we are referring to freedom, not price. Our General Public Licenses are designed to make sure that you have the freedom to distribute copies of free software (and charge for them if you wish), that you receive source code or can get it if you want it, that you can change the software or use pieces of it in new free programs, and that you know you can do these things.

To protect your rights, we need to prevent others from denying you these rights or asking you to surrender the rights. Therefore, you have certain responsibilities if you distribute copies of the software, or if you modify it: responsibilities to respect the freedom of others.

For example, if you distribute copies of such a program, whether gratis or for a fee, you must pass on to the recipients the same freedoms that you received. You must make sure that they, too, receive or can get the source code. And you must show them these terms so they know their rights.

Developers that use the GNU GPL protect your rights with two steps: (1) assert copyright on the software, and (2) offer you this License giving you legal permission to copy, distribute and/or modify it.

For the developers'' and authors'' protection, the GPL clearly explains that there is no warranty for this free software. For both users'' and authors'' sake, the GPL requires that modified versions be marked as changed, so that their problems will not be attributed erroneously to authors of previous versions.

Some devices are designed to deny users access to install or run modified versions of the software inside them, although the manufacturer can do so. This is fundamentally incompatible with the aim of protecting users'' freedom to change the software. The systematic pattern of such abuse occurs in the area of products for individuals to use, which is precisely where it is most unacceptable. Therefore, we have designed this version of the GPL to prohibit the practice for those products. If such problems arise substantially in other domains, we stand ready to extend this provision to those domains in future versions of the GPL, as needed to protect the freedom of users.

Finally, every program is threatened constantly by software patents. States should not allow patents to restrict development and use of software on general-purpose computers, but in those that do, we wish to avoid the special danger that patents applied to a free program could make it effectively proprietary. To prevent this, the GPL assures that patents cannot be used to render the program non-free.

The precise terms and conditions for copying, distribution and modification follow.df',0.00,0,0,NULL,NULL,N'20141211 12:21:16.620',N'20141211 12:21:16.620');
INSERT INTO [ItemPropertyValue] ([PropertyValueId],[ItemId],[Alias],[Name],[KeyValue],[ValueType],[ShortTextValue],[LongTextValue],[DecimalValue],[IntegerValue],[BooleanValue],[DateTimeValue],[Locale],[LastModified],[Created]) VALUES (N'c144b026-25c0-4130-8064-66e899cfb74c',N'dd25cf01-9767-45f0-877f-15e36518222f',NULL,N'IsFree',NULL,0,N'False',NULL,0.00,0,0,NULL,NULL,N'20141210 15:28:56.967',N'20141210 15:28:56.967');
INSERT INTO [ItemPropertyValue] ([PropertyValueId],[ItemId],[Alias],[Name],[KeyValue],[ValueType],[ShortTextValue],[LongTextValue],[DecimalValue],[IntegerValue],[BooleanValue],[DateTimeValue],[Locale],[LastModified],[Created]) VALUES (N'dad779db-34cf-45f8-91bf-4a103ffe61ba',N'53a8ff44-1d8d-4108-ac1e-c3785205251d',NULL,N'Locale',NULL,0,N'English',NULL,0.00,0,0,NULL,NULL,N'20141211 14:01:37.587',N'20141211 14:01:37.587');
INSERT INTO [ItemPropertyValue] ([PropertyValueId],[ItemId],[Alias],[Name],[KeyValue],[ValueType],[ShortTextValue],[LongTextValue],[DecimalValue],[IntegerValue],[BooleanValue],[DateTimeValue],[Locale],[LastModified],[Created]) VALUES (N'f83ea404-5663-4acb-8a85-46135a2f81b8',N'dd25cf01-9767-45f0-877f-15e36518222f',NULL,N'Currency',N'412453bb-82ce-4e3c-a24d-c99e93dcc114',0,N'USD',NULL,0.00,0,0,NULL,N'en-us',N'20141210 15:28:56.967',N'20141210 15:28:56.967');

INSERT INTO [EditorialReview] ([EditorialReviewId],[Priority],[Source],[Content],[ReviewState],[Comments],[ItemId],[LastModified],[Created],[Discriminator],[Locale]) VALUES (N'68b9bfda-184f-448f-899c-a0607fa21f2b',0,N'QuickReview',N'<p>A TV that puts the power of movies, videos and more right at your &#10;fingertips. Watch movies, check out videos, view pictures and more on a &#10;26-inch LCD screen; the Samsung LN26D450 LCD TV makes it happen. &#10;Samsungs Connect Share JPEG technology lets you plug in a thumb drive or&#10; other USB device right into the TV, and access a host of media files &#10;using a built-in user-friendly menu. And the finishing touch of Samsungs&#10; Touch of Color design; an elegant and subtle accent at the bezel''s &#10;edge; means this TV turns heads even when it''s off.        <br/></p>',2,NULL,N'dd25cf01-9767-45f0-877f-15e36518222f',N'20141210 15:26:46.377',N'20141210 15:23:34.103',N'EditorialReview',N'en-us');
INSERT INTO [EditorialReview] ([EditorialReviewId],[Priority],[Source],[Content],[ReviewState],[Comments],[ItemId],[LastModified],[Created],[Discriminator],[Locale]) VALUES (N'c3508996-f90d-4648-8f5c-b910526ee1a8',0,N'FullReview',N'<div class="aplus"> <p><strong>February 2011</strong><br/> Watch movies, check out videos, view pictures, and more on a 26-inch LCD HDTV. It''s ready for an HDMI or Component source, or can be used as a PC monitor. Or take a look at your favorite video, music, or picture files from a USB thumb drive. This energy-efficient display is housed in Samsung''s eye-catching &#34;Touch of Color&#34; design, and will look great in any room.</p> <div class="leftImage"><img src="http://g-ecx.images-amazon.com/images/G/01/electronics/detail-page2/B004N85YDI-1.jpg" alt="Samsung LN26D450" height="288" width="350"/> <div class="imageCaption">Watch movies, check out videos, view pictures, and more on a HD 26-inch LCD HDTV.</div> </div> <div class="rightImage"><img src="http://g-ecx.images-amazon.com/images/G/01/electronics/detail-page2/B004N85YDI-2.jpg" alt="Samsung LN26D450" height="143" width="200"/> <div class="imageCaption">Connect a USB thumb drive or digital camera via USB to enjoy family photos, music, or video files.</div> </div> <div class="rightImage"><img src="http://g-ecx.images-amazon.com/images/G/01/electronics/detail-page2/B004N85YDI-3.jpg" alt="Samsung LN26D450" height="133" width="200"/> <div class="imageCaption">Samsung''s &#34;Touch of Color&#34; design features a hint of amber color naturally blended into Samsung''s traditional piano black bezel frame.</div> </div> <h4>Serious Detail in a Smaller Display</h4> <h5>Touch of Color Design</h5> <p>Samsung''s &#34;Touch of Color&#34; design features a hint of amber color naturally blended into Samsung''s traditional piano black bezel frame, for eye-catching style even when your TV is turned off.</p> <h5>ConnectShare</h5> <p>Connect a thumb drive or digital camera quickly and easily via the LN26D450''s USB port. An intuitive, user-friendly interface allows access to videos, music, or pictures via the remote.</p> <h5>SRS Audio Technology</h5> <p>SRS'' TheaterSound, available in new Samsung HDTVs, is an all-in-one audio suite that directly addresses the three most common consumer TV audio complaints--inconsistent volume levels, unintelligible vocals, and poor, dimension-less sound. SRS helps ensure you get great audio from the LN26D450''s two three-watt speakers.</p> <h5>Exceeds ENERGY STAR Standards</h5> <p>The LN26D450 exceeds the strict energy efficiency guidelines set by the EPA and US Department of Energy by up to 30%. That means you get lower utility costs, and a smaller carbon footprint.</p> <h5>PC Connectivity</h5> <p>In addition to its HDMI and Component inputs, the LN26D450 features a PC input, so you an use it as a computer monitor.</p> <div class="break"></div> <h4>LN26D450 Select Specifications</h4> <table class="data" width="100%"> <tbody> <tr> <th colspan="2">Video</th> </tr> <tr> <td>Screen Size:</td> <td>25.5 Inches</td> </tr> <tr> <td>Display Type:</td> <td>LCD</td> </tr> <tr> <td>Resolution:</td> <td>720p HD</td> </tr> <tr> <th colspan="2"><strong>Inputs</strong></th> </tr> <tr> <td>HDMI:</td> <td>2 (version 1.4)</td> </tr> <tr> <td>Component Video (Y/PB/PR):</td> <td>1</td> </tr> <tr> <td>PC Input:</td> <td>1</td> </tr> <tr> <td>USB 2.0 Ports:</td> <td>1</td> </tr> <tr> <td>Component Audio Input:</td> <td>1</td> </tr> <tr> <td>PC Audio Input:</td> <td>1</td> </tr> <tr> <th colspan="2"><strong>Outputs</strong></th> </tr> <tr> <td>Digital Audio Output:</td> <td>1 (Rear)</td> </tr> <tr> <th colspan="2">Weight and Dimensions</th> </tr> <tr> <td>Dimensions (WxHxD):</td> <td>26.0 x 17.1 x 3.1 Inches (26.0 x 19.0 x 8.7 Inches With Stand)</td> </tr> <tr> <td>Weight:</td> <td>13.8lbs. (14.8 lbs. with stand)</td> </tr> </tbody> </table> <h4>What''s in the Box</h4> <p>LN26D450 26-inch Class LCD HDTV, Stand, Remote Control, Documentation</p>  <div class="break"></div> <br/> <hr/> <br/> <h4>Samsung 2011 LED/LCD Feature Comparison</h4> <br/> <table class="data" cellpadding="5" cellspacing="0"> <tbody> <tr> <th><strong>Series</strong></th><th> <div><strong>D8000</strong></div> </th><th> <div><strong>D7900</strong></div> </th><th> <div><strong>D7000</strong></div> </th><th> <div><strong>D6500</strong></div> </th><th> <div><strong>D6400</strong></div> </th><th> <div><strong>D6300</strong></div> </th><th> <div><strong>D6000</strong></div> </th><th> <div><strong>D5500</strong></div> </th><th>D5003</th><th> <div><strong>D5010</strong></div> </th><th> <div><strong>D5000</strong></div> </th><th>D4003</th><th> <div><strong>D4000</strong></div> </th><th> <div><strong>D630</strong></div> </th><th> <div><strong>D550</strong></div> </th><th> <div><strong>D450</strong></div> </th> <th>D403</th> </tr> <tr> <td>Screen Sizes</td> <td> <div>46&#34;, 55&#34;, 60&#34;, 65&#34;</div> </td> <td> <div>46&#34;, 55&#34;</div> </td> <td> <div>46&#34;, 55&#34;, 60&#34;</div> </td> <td> <div>40&#34;, 46&#34;, 55&#34;, 60&#34;</div> </td> <td> <div>40&#34;, 46&#34;, 55&#34;, 60&#34;</div> </td> <td> <div>40&#34;, 46&#34;, 55&#34;</div> </td> <td> <div>32&#34;, 40&#34;, 46&#34;, 55&#34;, 60&#34;</div> </td> <td> <div>32&#34;, 40&#34;</div> </td> <td> <div>22&#34;, 40&#34;</div> </td> <td> <div>22&#34;</div> </td> <td> <div>22&#34;</div> </td> <td> <div>19&#34;, 26&#34;, 32&#34;</div> </td> <td> <div>19&#34;, 32&#34;</div> </td> <td> <div>40&#34;, 46&#34;</div> </td> <td> <div>32&#34;, 37&#34;, 40&#34;, 46&#34;</div> </td> <td> <div>22&#34;, 26&#34;, 32&#34;</div> </td> <td> <div>32&#34;</div> </td> </tr> <tr bgcolor="#eeeeee"> <td>Full HD 1080p</td> <td> <div><img src="http://g-ecx.images-amazon.com/images/G/01/electronics/detail-page2/sb.gif"/></div> </td> <td> <div><img src="http://g-ecx.images-amazon.com/images/G/01/electronics/detail-page2/sb.gif"/></div> </td> <td> <div><img src="http://g-ecx.images-amazon.com/images/G/01/electronics/detail-page2/sb.gif"/></div> </td> <td> <div><img src="http://g-ecx.images-amazon.com/images/G/01/electronics/detail-page2/sb.gif"/></div> </td> <td> <div><img src="http://g-ecx.images-amazon.com/images/G/01/electronics/detail-page2/sb.gif"/></div> </td> <td> <div><img src="http://g-ecx.images-amazon.com/images/G/01/electronics/detail-page2/sb.gif"/></div> </td> <td> <div><img src="http://g-ecx.images-amazon.com/images/G/01/electronics/detail-page2/sb.gif"/></div> </td> <td> <div><img src="http://g-ecx.images-amazon.com/images/G/01/electronics/detail-page2/sb.gif"/></div> </td> <td> <div><img src="http://g-ecx.images-amazon.com/images/G/01/electronics/detail-page2/sb.gif"/></div> </td> <td> <div><img src="http://g-ecx.images-amazon.com/images/G/01/electronics/detail-page2/sb.gif"/></div> </td> <td> <div><img src="http://g-ecx.images-amazon.com/images/G/01/electronics/detail-page2/sb.gif"/></div> </td> <td></td> <td> <div></div> </td> <td> <div><img src="http://g-ecx.images-amazon.com/images/G/01/electronics/detail-page2/sb.gif"/></div> </td> <td> <div><img src="http://g-ecx.images-amazon.com/images/G/01/electronics/detail-page2/sb.gif"/></div> </td> <td> <div></div> </td> <td></td> </tr> <tr> <td>240Hz</td> <td> <div><img src="http://g-ecx.images-amazon.com/images/G/01/electronics/detail-page2/sb.gif"/></div> </td> <td> <div><img src="http://g-ecx.images-amazon.com/images/G/01/electronics/detail-page2/sb.gif"/></div> </td> <td> <div><img src="http://g-ecx.images-amazon.com/images/G/01/electronics/detail-page2/sb.gif"/></div> </td> <td> <div></div> </td> <td> <div></div> </td> <td> <div></div> </td> <td> <div></div> </td> <td> <div></div> </td> <td></td> <td> <div></div> </td> <td> <div></div> </td> <td></td> <td> <div></div> </td> <td> <div></div> </td> <td> <div></div> </td> <td> <div></div> </td> <td></td> </tr> <tr bgcolor="#eeeeee"> <td>120Hz</td> <td> <div></div> </td> <td> <div></div> </td> <td> <div></div> </td> <td> <div><img src="http://g-ecx.images-amazon.com/images/G/01/electronics/detail-page2/sb.gif"/></div> </td> <td> <div><img src="http://g-ecx.images-amazon.com/images/G/01/electronics/detail-page2/sb.gif"/></div> </td> <td> <div><img src="http://g-ecx.images-amazon.com/images/G/01/electronics/detail-page2/sb.gif"/></div> </td> <td> <div><img src="http://g-ecx.images-amazon.com/images/G/01/electronics/detail-page2/sb.gif"/></div> </td> <td> <div></div> </td> <td></td> <td> <div></div> </td> <td> <div></div> </td> <td></td> <td> <div></div> </td> <td> <div><img src="http://g-ecx.images-amazon.com/images/G/01/electronics/detail-page2/sb.gif"/></div> </td> <td> <div></div> </td> <td> <div></div> </td> <td> <div><br/></div> </td> </tr> <tr> <td>3D</td> <td> <div><img src="http://g-ecx.images-amazon.com/images/G/01/electronics/detail-page2/sb.gif"/></div> </td> <td> <div><img src="http://g-ecx.images-amazon.com/images/G/01/electronics/detail-page2/sb.gif"/></div> </td> <td> <div><img src="http://g-ecx.images-amazon.com/images/G/01/electronics/detail-page2/sb.gif"/></div> </td> <td> <div><img src="http://g-ecx.images-amazon.com/images/G/01/electronics/detail-page2/sb.gif"/></div> </td> <td> <div><img src="http://g-ecx.images-amazon.com/images/G/01/electronics/detail-page2/sb.gif"/></div> </td> <td> <div></div> </td> <td> <div></div> </td> <td> <div></div> </td> <td></td> <td> <div></div> </td> <td> <div></div> </td> <td></td> <td> <div></div> </td> <td> <div></div> </td> <td> <div></div> </td> <td> <div></div> </td> <td></td> </tr> <tr bgcolor="#eeeeee"> <td>Samsung Apps</td> <td> <div><img src="http://g-ecx.images-amazon.com/images/G/01/electronics/detail-page2/sb.gif"/></div> </td> <td> <div><img src="http://g-ecx.images-amazon.com/images/G/01/electronics/detail-page2/sb.gif"/></div> </td> <td> <div><img src="http://g-ecx.images-amazon.com/images/G/01/electronics/detail-page2/sb.gif"/></div> </td> <td> <div><img src="http://g-ecx.images-amazon.com/images/G/01/electronics/detail-page2/sb.gif"/></div> </td> <td> <div><img src="http://g-ecx.images-amazon.com/images/G/01/electronics/detail-page2/sb.gif"/></div> </td> <td> <div><img src="http://g-ecx.images-amazon.com/images/G/01/electronics/detail-page2/sb.gif"/></div> </td> <td> <div><img src="http://g-ecx.images-amazon.com/images/G/01/electronics/detail-page2/sb.gif"/></div> </td> <td> <div></div> </td> <td></td> <td> <div></div> </td> <td> <div></div> </td> <td></td> <td> <div></div> </td> <td> <div></div> </td> <td> <div></div> </td> <td> <div></div> </td> <td></td> </tr> <tr> <td>Your Video</td> <td> <div><img src="http://g-ecx.images-amazon.com/images/G/01/electronics/detail-page2/sb.gif"/></div> </td> <td> <div><img src="http://g-ecx.images-amazon.com/images/G/01/electronics/detail-page2/sb.gif"/></div> </td> <td> <div><img src="http://g-ecx.images-amazon.com/images/G/01/electronics/detail-page2/sb.gif"/></div> </td> <td> <div><img src="http://g-ecx.images-amazon.com/images/G/01/electronics/detail-page2/sb.gif"/></div> </td> <td> <div><img src="http://g-ecx.images-amazon.com/images/G/01/electronics/detail-page2/sb.gif"/></div> </td> <td> <div><img src="http://g-ecx.images-amazon.com/images/G/01/electronics/detail-page2/sb.gif"/></div> </td> <td> <div><img src="http://g-ecx.images-amazon.com/images/G/01/electronics/detail-page2/sb.gif"/></div> </td> <td> <div></div> </td> <td></td> <td> <div></div> </td> <td> <div></div> </td> <td></td> <td> <div></div> </td> <td> <div></div> </td> <td> <div></div> </td> <td> <div></div> </td> <td></td> </tr> <tr bgcolor="#eeeeee"> <td>Search All</td> <td> <div><img src="http://g-ecx.images-amazon.com/images/G/01/electronics/detail-page2/sb.gif"/></div> </td> <td> <div><img src="http://g-ecx.images-amazon.com/images/G/01/electronics/detail-page2/sb.gif"/></div> </td> <td> <div><img src="http://g-ecx.images-amazon.com/images/G/01/electronics/detail-page2/sb.gif"/></div> </td> <td> <div><img src="http://g-ecx.images-amazon.com/images/G/01/electronics/detail-page2/sb.gif"/></div> </td> <td> <div><img src="http://g-ecx.images-amazon.com/images/G/01/electronics/detail-page2/sb.gif"/></div> </td> <td> <div><img src="http://g-ecx.images-amazon.com/images/G/01/electronics/detail-page2/sb.gif"/></div> </td> <td> <div><img src="http://g-ecx.images-amazon.com/images/G/01/electronics/detail-page2/sb.gif"/></div> </td> <td> <div></div> </td> <td></td> <td> <div></div> </td> <td> <div></div> </td> <td></td> <td> <div></div> </td> <td> <div></div> </td> <td> <div></div> </td> <td> <div></div> </td> <td></td> </tr> <tr> <td>Web Browser</td> <td> <div><img src="http://g-ecx.images-amazon.com/images/G/01/electronics/detail-page2/sb.gif"/></div> </td> <td> <div><img src="http://g-ecx.images-amazon.com/images/G/01/electronics/detail-page2/sb.gif"/></div> </td> <td> <div><img src="http://g-ecx.images-amazon.com/images/G/01/electronics/detail-page2/sb.gif"/></div> </td> <td> <div></div> </td> <td> <div></div> </td> <td> <div><img src="http://g-ecx.images-amazon.com/images/G/01/electronics/detail-page2/sb.gif"/></div> </td> <td> <div></div> </td> <td> <div></div> </td> <td></td> <td> <div></div> </td> <td> <div></div> </td> <td></td> <td> <div></div> </td> <td> <div></div> </td> <td> <div></div> </td> <td> <div></div> </td> <td></td> </tr> <tr bgcolor="#eeeeee"> <td>Skype</td> <td> <div><img src="http://g-ecx.images-amazon.com/images/G/01/electronics/detail-page2/sb.gif"/></div> </td> <td> <div><img src="http://g-ecx.images-amazon.com/images/G/01/electronics/detail-page2/sb.gif"/></div> </td> <td> <div><img src="http://g-ecx.images-amazon.com/images/G/01/electronics/detail-page2/sb.gif"/></div> </td> <td> <div><img src="http://g-ecx.images-amazon.com/images/G/01/electronics/detail-page2/sb.gif"/></div> </td> <td> <div></div> </td> <td> <div></div> </td> <td> <div></div> </td> <td> <div></div> </td> <td></td> <td> <div></div> </td> <td> <div></div> </td> <td></td> <td> <div></div> </td> <td> <div></div> </td> <td> <div></div> </td> <td> <div></div> </td> <td></td> </tr> <tr> <td>HDMI Inputs</td> <td> <div>4</div> </td> <td> <div>4</div> </td> <td> <div>4</div> </td> <td> <div>4</div> </td> <td> <div>4</div> </td> <td> <div>4</div> </td> <td> <div>4</div> </td> <td> <div>4</div> </td> <td>2</td> <td> <div>2</div> </td> <td> <div>2</div> </td> <td>2</td> <td> <div>4*</div> </td> <td> <div>4</div> </td> <td> <div>4</div> </td> <td> <div>2**</div> </td> <td>2</td> </tr> <tr bgcolor="#eeeeee"> <td>USB Ports</td> <td> <div>3</div> </td> <td> <div>3</div> </td> <td> <div>3</div> </td> <td> <div>3</div> </td> <td> <div>3</div> </td> <td> <div>3</div> </td> <td> <div>3</div> </td> <td> <div>2</div> </td> <td>1</td> <td> <div>1</div> </td> <td> <div>1</div> </td> <td>1</td> <td> <div>1</div> </td> <td> <div>2</div> </td> <td> <div>2</div> </td> <td> <div>1</div> </td> <td>1</td> </tr> <tr> <td>WiFi Built-In</td> <td> <div><img src="http://g-ecx.images-amazon.com/images/G/01/electronics/detail-page2/sb.gif"/></div> </td> <td> <div><img src="http://g-ecx.images-amazon.com/images/G/01/electronics/detail-page2/sb.gif"/></div> </td> <td> <div><img src="http://g-ecx.images-amazon.com/images/G/01/electronics/detail-page2/sb.gif"/></div> </td> <td> <div><img src="http://g-ecx.images-amazon.com/images/G/01/electronics/detail-page2/sb.gif"/></div> </td> <td> <div></div> </td> <td> <div></div> </td> <td> <div></div> </td> <td> <div></div> </td> <td></td> <td> <div></div> </td> <td> <div></div> </td> <td></td> <td> <div></div> </td> <td> <div></div> </td> <td> <div></div> </td> <td> <div></div> </td> <td></td> </tr> <tr bgcolor="#eeeeee"> <td>Micro Dimming</td> <td> <div>Micro Dimming Plus</div> </td> <td> <div>Micro Dimming Plus</div> </td> <td> <div><img src="http://g-ecx.images-amazon.com/images/G/01/electronics/detail-page2/sb.gif"/></div> </td> <td> <div></div> </td> <td> <div></div> </td> <td> <div></div> </td> <td> <div></div> </td> <td> <div></div> </td> <td></td> <td> <div></div> </td> <td> <div></div> </td> <td></td> <td> <div></div> </td> <td> <div></div> </td> <td> <div></div> </td> <td> <div></div> </td> <td></td> </tr> <tr> <td>Allshare</td> <td> <div><img src="http://g-ecx.images-amazon.com/images/G/01/electronics/detail-page2/sb.gif"/></div> </td> <td> <div><img src="http://g-ecx.images-amazon.com/images/G/01/electronics/detail-page2/sb.gif"/></div> </td> <td> <div><img src="http://g-ecx.images-amazon.com/images/G/01/electronics/detail-page2/sb.gif"/></div> </td> <td> <div><img src="http://g-ecx.images-amazon.com/images/G/01/electronics/detail-page2/sb.gif"/></div> </td> <td> <div><img src="http://g-ecx.images-amazon.com/images/G/01/electronics/detail-page2/sb.gif"/></div> </td> <td> <div><img src="http://g-ecx.images-amazon.com/images/G/01/electronics/detail-page2/sb.gif"/></div> </td> <td> <div><img src="http://g-ecx.images-amazon.com/images/G/01/electronics/detail-page2/sb.gif"/></div> </td> <td> <div><img src="http://g-ecx.images-amazon.com/images/G/01/electronics/detail-page2/sb.gif"/></div> </td> <td></td> <td> <div></div> </td> <td> <div></div> </td> <td></td> <td> <div></div> </td> <td> <div><img src="http://g-ecx.images-amazon.com/images/G/01/electronics/detail-page2/sb.gif"/></div> </td> <td> <div><img src="http://g-ecx.images-amazon.com/images/G/01/electronics/detail-page2/sb.gif"/></div> </td> <td> <div></div> </td> <td></td> </tr> <tr bgcolor="#eeeeee"> <td>Qwerty Remote Included</td> <td> <div><img src="http://g-ecx.images-amazon.com/images/G/01/electronics/detail-page2/sb.gif"/></div> </td> <td> <div><img src="http://g-ecx.images-amazon.com/images/G/01/electronics/detail-page2/sb.gif"/></div> </td> <td> <div><img src="http://g-ecx.images-amazon.com/images/G/01/electronics/detail-page2/sb.gif"/></div> </td> <td> <div></div> </td> <td> <div></div> </td> <td> <div></div> </td> <td> <div></div> </td> <td> <div></div> </td> <td></td> <td> <div></div> </td> <td> <div></div> </td> <td></td> <td> <div></div> </td> <td> <div></div> </td> <td> <div></div> </td> <td> <div></div> </td> <td></td> </tr> <tr> <td>3D Glasses Included</td> <td> <div><img src="http://g-ecx.images-amazon.com/images/G/01/electronics/detail-page2/sb.gif"/></div> </td> <td> <div></div> </td> <td> <div></div> </td> <td> <div></div> </td> <td> <div></div> </td> <td> <div></div> </td> <td> <div></div> </td> <td> <div></div> </td> <td></td> <td> <div></div> </td> <td> <div></div> </td> <td></td> <td> <div></div> </td> <td> <div></div> </td> <td> <div></div> </td> <td> <div></div> </td> <td></td> </tr> <tr bgcolor="#eeeeee"> <td>Design</td> <td> <div>One</div> </td> <td> <div>One</div> </td> <td> <div>One</div> </td> <td> <div>One</div> </td> <td> <div>One</div> </td> <td> <div>ToC</div> </td> <td> <div>ToC</div> </td> <td> <div>ToC</div> </td> <td>High Glossy Black</td> <td> <div>ToC</div> </td> <td> <div>ToC</div> </td> <td>High Glossy Black</td> <td> <div>ToC</div> </td> <td> <div>ToC</div> </td> <td> <div>ToC</div> </td> <td> <div>ToC</div> </td> <td>High Glossy Black</td> </tr> <tr> <td>Bezel Type</td> <td> <div>Ultra Thin</div> </td> <td> <div>Ultra Thin</div> </td> <td> <div>Ultra Thin</div> </td> <td> <div>Ultra Thin</div> </td> <td> <div>Ultra Thin</div> </td> <td> <div></div> </td> <td> <div></div> </td> <td> <div></div> </td> <td></td> <td> <div></div> </td> <td> <div></div> </td> <td></td> <td> <div></div> </td> <td> <div></div> </td> <td> <div></div> </td> <td> <div></div> </td> <td></td> </tr> </tbody> </table> <p><small>* 19&#34; has 2 HDMI inputs<br/>** 19&#34; and 22&#34; have only 1 HDMI input</small></p> </div>',2,NULL,N'dd25cf01-9767-45f0-877f-15e36518222f',N'20141210 15:27:54.470',N'20141210 15:27:54.470',N'EditorialReview',N'en-us');
INSERT INTO [EditorialReview] ([EditorialReviewId],[Priority],[Source],[Content],[ReviewState],[Comments],[ItemId],[LastModified],[Created],[Discriminator],[Locale]) VALUES (N'e5107a16-140e-4bca-aa72-5b4628fd31c4',0,N'QuickReview',N'<p>The world''s #1 memory manufacturer has introduced a new standard in &#10;memory cards with its current high performance lineup. Samsung memory &#10;cards boast a sleek, brushed metallic design and provide &#34;3 Proof&#34; &#10;reliability (water proof, shock proof and magnet proof). Samsung''s fast &#10;24MB/sec read speed enables users to actually feel and experience faster&#10; data transfer rates. The full lineup includes high performance memory &#10;cards from Class 4 (HD compliant), Class 6 (Full-HD compliant) to Class &#10;10 (the highest SDHC performance standard).        <br/></p>',2,NULL,N'53a8ff44-1d8d-4108-ac1e-c3785205251d',N'20141210 15:31:56.943',N'20141210 15:31:56.943',N'EditorialReview',N'en-us');